Date,Rain
01-01-2011,3231
02-01-2011,3231
03-01-2011,3231
04-01-2011,3231
05-01-2011,3231
06-01-2011,3231
07-01-2011,3231
08-01-2011,3231
09-01-2011,3231
10-01-2011,3231
11-01-2011,3231
12-01-2011,3231
13-01-2011,3231
14-01-2011,3231
15-01-2011,3231
16-01-2011,3231
17-01-2011,3231
18-01-2011,3231
19-01-2011,3231
20-01-2011,3231
21-01-2011,3231
22-01-2011,3231
23-01-2011,3231
24-01-2011,3231
25-01-2011,3231
26-01-2011,3231
27-01-2011,3231
28-01-2011,3231
29-01-2011,3213
30-01-2011,3186
31-01-2011,3135
01-02-2011,3108
02-02-2011,3081
03-02-2011,3054
04-02-2011,3028
05-02-2011,3009
06-02-2011,2986
07-02-2011,2966
08-02-2011,2950
09-02-2011,2934
10-02-2011,2921
11-02-2011,2902
12-02-2011,2889
13-02-2011,2873
14-02-2011,2858
15-02-2011,2845
16-02-2011,2829
17-02-2011,2814
18-02-2011,2801
19-02-2011,2786
20-02-2011,2773
21-02-2011,2758
22-02-2011,2770
23-02-2011,2779
24-02-2011,2786
25-02-2011,2776
26-02-2011,2764
27-02-2011,2752
28-02-2011,2739
01-03-2011,2733
02-03-2011,2724
03-03-2011,2718
04-03-2011,2712
05-03-2011,2706
06-03-2011,2700
07-03-2011,2693
08-03-2011,2687
09-03-2011,2681
10-03-2011,2675
11-03-2011,2669
12-03-2011,2660
13-03-2011,2651
14-03-2011,2642
15-03-2011,2633
16-03-2011,2624
17-03-2011,2618
18-03-2011,2612
19-03-2011,2606
20-03-2011,2600
21-03-2011,2595
22-03-2011,2589
23-03-2011,2583
24-03-2011,2577
25-03-2011,2571
26-03-2011,2565
27-03-2011,2559
28-03-2011,2553
29-03-2011,2547
30-03-2011,2542
31-03-2011,2536
01-04-2011,2530
02-04-2011,2524
03-04-2011,2518
04-04-2011,2513
05-04-2011,2507
06-04-2011,2501
07-04-2011,2495
08-04-2011,2489
09-04-2011,2484
10-04-2011,2478
11-04-2011,2472
12-04-2011,2467
13-04-2011,2461
14-04-2011,2455
15-04-2011,2449
16-04-2011,2444
17-04-2011,2438
18-04-2011,2432
19-04-2011,2424
20-04-2011,2418
21-04-2011,2410
22-04-2011,2404
23-04-2011,2412
24-04-2011,2415
25-04-2011,2415
26-04-2011,2410
27-04-2011,2404
28-04-2011,2398
29-04-2011,2393
30-04-2011,2387
01-05-2011,2381
02-05-2011,2373
03-05-2011,2354
04-05-2011,2331
05-05-2011,2309
06-05-2011,2285
07-05-2011,2260
08-05-2011,2236
09-05-2011,2211
10-05-2011,2187
11-05-2011,2163
12-05-2011,2140
13-05-2011,2116
14-05-2011,2093
15-05-2011,2069
16-05-2011,2046
17-05-2011,2023
18-05-2011,2000
19-05-2011,1978
20-05-2011,1953
21-05-2011,1936
22-05-2011,1916
23-05-2011,1894
24-05-2011,1872
25-05-2011,1850
26-05-2011,1826
27-05-2011,1805
28-05-2011,1784
29-05-2011,1763
30-05-2011,1742
31-05-2011,1721
01-06-2011,1700
02-06-2011,1703
03-06-2011,1680
04-06-2011,1657
05-06-2011,1635
06-06-2011,1613
07-06-2011,1604
08-06-2011,1591
09-06-2011,1578
10-06-2011,1565
11-06-2011,1552
12-06-2011,1539
13-06-2011,1525
14-06-2011,1510
15-06-2011,1495
16-06-2011,1481
17-06-2011,1467
18-06-2011,1452
19-06-2011,1438
20-06-2011,1424
21-06-2011,1410
22-06-2011,1387
23-06-2011,1338
24-06-2011,1301
25-06-2011,1266
26-06-2011,1236
27-06-2011,1211
28-06-2011,1189
29-06-2011,1182
30-06-2011,1180
01-07-2011,1180
02-07-2011,1202
03-07-2011,1220
04-07-2011,1230
05-07-2011,1243
06-07-2011,1259
07-07-2011,1286
08-07-2011,1308
09-07-2011,1329
10-07-2011,1348
11-07-2011,1369
12-07-2011,1392
13-07-2011,1412
14-07-2011,1430
15-07-2011,1450
16-07-2011,1475
17-07-2011,1500
18-07-2011,1523
19-07-2011,1544
20-07-2011,1567
21-07-2011,1587
22-07-2011,1604
23-07-2011,1615
24-07-2011,1624
25-07-2011,1637
26-07-2011,1651
27-07-2011,1682
28-07-2011,1709
29-07-2011,1737
30-07-2011,1756
31-07-2011,1777
01-08-2011,1798
02-08-2011,1817
03-08-2011,1836
04-08-2011,1857
05-08-2011,1879
06-08-2011,1911
07-08-2011,1933
08-08-2011,1955
09-08-2011,1983
10-08-2011,2006
11-08-2011,2041
12-08-2011,2067
13-08-2011,2077
14-08-2011,2056
15-08-2011,2028
16-08-2011,2006
17-08-2011,1975
18-08-2011,1948
19-08-2011,1955
20-08-2011,1958
21-08-2011,2008
22-08-2011,2033
23-08-2011,2059
24-08-2011,2082
25-08-2011,2134
26-08-2011,2158
27-08-2011,2193
28-08-2011,2211
29-08-2011,2233
30-08-2011,2257
31-08-2011,2285
01-09-2011,2312
02-09-2011,2340
03-09-2011,2367
04-09-2011,2393
05-09-2011,2418
06-09-2011,2447
07-09-2011,2472
08-09-2011,2489
09-09-2011,2501
10-09-2011,2515
11-09-2011,2527
12-09-2011,2539
13-09-2011,2565
14-09-2011,2621
15-09-2011,2663
16-09-2011,2706
17-09-2011,2736
18-09-2011,2764
19-09-2011,2779
20-09-2011,2889
21-09-2011,2921
22-09-2011,2944
23-09-2011,2970
24-09-2011,2992
25-09-2011,3012
26-09-2011,3031
27-09-2011,3051
28-09-2011,3064
29-09-2011,3077
30-09-2011,3073
01-10-2011,3054
02-10-2011,3031
03-10-2011,3058
04-10-2011,3041
05-10-2011,3015
06-10-2011,2999
07-10-2011,2982
08-10-2011,2963
09-10-2011,2947
10-10-2011,2931
11-10-2011,2915
12-10-2011,2899
13-10-2011,2870
14-10-2011,2854
15-10-2011,2826
16-10-2011,2789
17-10-2011,2767
18-10-2011,2755
19-10-2011,2733
20-10-2011,2712
21-10-2011,2684
22-10-2011,2657
23-10-2011,2672
24-10-2011,2663
25-10-2011,2648
26-10-2011,2648
27-10-2011,2651
28-10-2011,2639
29-10-2011,2639
30-10-2011,2651
31-10-2011,2663
01-11-2011,2666
02-11-2011,2693
03-11-2011,2715
04-11-2011,2770
05-11-2011,2770
06-11-2011,2786
07-11-2011,2752
08-11-2011,2657
09-11-2011,2615
10-11-2011,2533
11-11-2011,2469
12-11-2011,2421
13-11-2011,2376
14-11-2011,2340
15-11-2011,2320
16-11-2011,2298
17-11-2011,2287
18-11-2011,2304
19-11-2011,2298
20-11-2011,2282
21-11-2011,2265
22-11-2011,2260
23-11-2011,2252
24-11-2011,2252
25-11-2011,2293
26-11-2011,2356
27-11-2011,2539
28-11-2011,2530
29-11-2011,2449
30-11-2011,2469
01-12-2011,2484
02-12-2011,2498
03-12-2011,2530
04-12-2011,2553
05-12-2011,2571
06-12-2011,2586
07-12-2011,2598
08-12-2011,2609
09-12-2011,2618
10-12-2011,2627
11-12-2011,2633
12-12-2011,2639
13-12-2011,2645
14-12-2011,2648
15-12-2011,2645
16-12-2011,2666
17-12-2011,2669
18-12-2011,2666
19-12-2011,2666
20-12-2011,2666
21-12-2011,2666
22-12-2011,2666
23-12-2011,2663
24-12-2011,2660
25-12-2011,2657
26-12-2011,2654
27-12-2011,2648
28-12-2011,2645
29-12-2011,2642
30-12-2011,2669
31-12-2011,2770
01-01-2012,2839
02-01-2012,2928
03-01-2012,2982
04-01-2012,3015
05-01-2012,3045
06-01-2012,3058
07-01-2012,3069
08-01-2012,3081
09-01-2012,3090
10-01-2012,3093
11-01-2012,3095
12-01-2012,3098
13-01-2012,3098
14-01-2012,3098
15-01-2012,3098
16-01-2012,3098
17-01-2012,3098
18-01-2012,3098
19-01-2012,3095
20-01-2012,3095
21-01-2012,3093
22-01-2012,3090
23-01-2012,3090
24-01-2012,3087
25-01-2012,3085
26-01-2012,3081
27-01-2012,3077
28-01-2012,3073
29-01-2012,3064
30-01-2012,3058
31-01-2012,3054
01-02-2012,3048
02-02-2012,3041
03-02-2012,3038
04-02-2012,3031
05-02-2012,3025
06-02-2012,3018
07-02-2012,3012
08-02-2012,3005
09-02-2012,2999
10-02-2012,2992
11-02-2012,2986
12-02-2012,2979
13-02-2012,2973
14-02-2012,2966
15-02-2012,2963
16-02-2012,2957
17-02-2012,2953
18-02-2012,2947
19-02-2012,2940
20-02-2012,2934
21-02-2012,2928
22-02-2012,2921
23-02-2012,2915
24-02-2012,2908
25-02-2012,2902
26-02-2012,2896
27-02-2012,2889
28-02-2012,2880
29-02-2012,2870
01-03-2012,2858
02-03-2012,2845
03-03-2012,2832
04-03-2012,2820
05-03-2012,2807
06-03-2012,2798
07-03-2012,2789
08-03-2012,2779
09-03-2012,2770
10-03-2012,2761
11-03-2012,2752
12-03-2012,2742
13-03-2012,2733
14-03-2012,2724
15-03-2012,2715
16-03-2012,2706
17-03-2012,2696
18-03-2012,2687
19-03-2012,2678
20-03-2012,2669
21-03-2012,2660
22-03-2012,2651
23-03-2012,2645
24-03-2012,2636
25-03-2012,2630
26-03-2012,2621
27-03-2012,2615
28-03-2012,2606
29-03-2012,2600
30-03-2012,2592
31-03-2012,2586
01-04-2012,2577
02-04-2012,2571
03-04-2012,2562
04-04-2012,2556
05-04-2012,2547
06-04-2012,2542
07-04-2012,2533
08-04-2012,2527
09-04-2012,2521
10-04-2012,2513
11-04-2012,2507
12-04-2012,2501
13-04-2012,2495
14-04-2012,2489
15-04-2012,2481
16-04-2012,2475
17-04-2012,2467
18-04-2012,2458
19-04-2012,2452
20-04-2012,2444
21-04-2012,2438
22-04-2012,2429
23-04-2012,2421
24-04-2012,2412
25-04-2012,2401
26-04-2012,2390
27-04-2012,2379
28-04-2012,2367
29-04-2012,2356
30-04-2012,2356
01-05-2012,2348
02-05-2012,2337
03-05-2012,2326
04-05-2012,2317
05-05-2012,2306
06-05-2012,2295
07-05-2012,2285
08-05-2012,2274
09-05-2012,2263
10-05-2012,2252
11-05-2012,2244
12-05-2012,2233
13-05-2012,2225
14-05-2012,2217
15-05-2012,2209
16-05-2012,2198
17-05-2012,2190
18-05-2012,2190
19-05-2012,2182
20-05-2012,2174
21-05-2012,2166
22-05-2012,2158
23-05-2012,2150
24-05-2012,2142
25-05-2012,2134
26-05-2012,2127
27-05-2012,2119
28-05-2012,2111
29-05-2012,2103
30-05-2012,2095
31-05-2012,2087
01-06-2012,2080
02-06-2012,2072
03-06-2012,2064
04-06-2012,2056
05-06-2012,2049
06-06-2012,2041
07-06-2012,2036
08-06-2012,2031
09-06-2012,2023
10-06-2012,2016
11-06-2012,2008
12-06-2012,2000
13-06-2012,1993
14-06-2012,1988
15-06-2012,1990
16-06-2012,1995
17-06-2012,1998
18-06-2012,1985
19-06-2012,1975
20-06-2012,1950
21-06-2012,1931
22-06-2012,1906
23-06-2012,1882
24-06-2012,1857
25-06-2012,1833
26-06-2012,1810
27-06-2012,1788
28-06-2012,1767
29-06-2012,1742
30-06-2012,1721
01-07-2012,1705
02-07-2012,1675
03-07-2012,1635
04-07-2012,1595
05-07-2012,1557
06-07-2012,1518
07-07-2012,1481
08-07-2012,1444
09-07-2012,1408
10-07-2012,1371
11-07-2012,1497
12-07-2012,1469
13-07-2012,1430
14-07-2012,1396
15-07-2012,1424
16-07-2012,1418
17-07-2012,1385
18-07-2012,1373
19-07-2012,1342
20-07-2012,1310
21-07-2012,1279
22-07-2012,1248
23-07-2012,1216
24-07-2012,1185
25-07-2012,1155
26-07-2012,1128
27-07-2012,1095
28-07-2012,1062
29-07-2012,1032
30-07-2012,1001
31-07-2012,969
01-08-2012,940
02-08-2012,914
03-08-2012,888
04-08-2012,888
05-08-2012,863
06-08-2012,839
07-08-2012,819
08-08-2012,799
09-08-2012,909
10-08-2012,909
11-08-2012,888
12-08-2012,868
13-08-2012,849
14-08-2012,837
15-08-2012,832
16-08-2012,832
17-08-2012,825
18-08-2012,804
19-08-2012,782
20-08-2012,760
21-08-2012,734
22-08-2012,707
23-08-2012,683
24-08-2012,661
25-08-2012,636
26-08-2012,689
27-08-2012,664
28-08-2012,637
29-08-2012,644
30-08-2012,617
31-08-2012,635
01-09-2012,614
02-09-2012,595
03-09-2012,606
04-09-2012,600
05-09-2012,593
06-09-2012,587
07-09-2012,579
08-09-2012,635
09-09-2012,628
10-09-2012,619
11-09-2012,622
12-09-2012,618
13-09-2012,622
14-09-2012,649
15-09-2012,670
16-09-2012,678
17-09-2012,685
18-09-2012,681
19-09-2012,677
20-09-2012,673
21-09-2012,685
22-09-2012,679
23-09-2012,671
24-09-2012,664
25-09-2012,656
26-09-2012,646
27-09-2012,639
28-09-2012,631
29-09-2012,622
30-09-2012,606
01-10-2012,593
02-10-2012,588
03-10-2012,583
04-10-2012,578
05-10-2012,573
06-10-2012,568
07-10-2012,607
08-10-2012,598
09-10-2012,589
10-10-2012,579
11-10-2012,568
12-10-2012,556
13-10-2012,545
14-10-2012,533
15-10-2012,546
16-10-2012,535
17-10-2012,524
18-10-2012,524
19-10-2012,540
20-10-2012,579
21-10-2012,627
22-10-2012,656
23-10-2012,670
24-10-2012,679
25-10-2012,679
26-10-2012,674
27-10-2012,668
28-10-2012,661
29-10-2012,653
30-10-2012,645
31-10-2012,664
01-11-2012,695
02-11-2012,713
03-11-2012,749
04-11-2012,829
05-11-2012,888
06-11-2012,917
07-11-2012,941
08-11-2012,950
09-11-2012,950
10-11-2012,948
11-11-2012,948
12-11-2012,951
13-11-2012,951
14-11-2012,951
15-11-2012,945
16-11-2012,940
17-11-2012,932
18-11-2012,924
19-11-2012,914
20-11-2012,905
21-11-2012,897
22-11-2012,890
23-11-2012,888
24-11-2012,882
25-11-2012,874
26-11-2012,864
27-11-2012,853
28-11-2012,840
29-11-2012,828
30-11-2012,812
01-12-2012,796
02-12-2012,781
03-12-2012,782
04-12-2012,917
05-12-2012,1056
06-12-2012,1173
07-12-2012,1268
08-12-2012,1333
09-12-2012,1373
10-12-2012,1396
11-12-2012,1416
12-12-2012,1432
13-12-2012,1446
14-12-2012,1458
15-12-2012,1464
16-12-2012,1467
17-12-2012,1469
18-12-2012,1471
19-12-2012,1473
20-12-2012,1473
21-12-2012,1473
22-12-2012,1473
23-12-2012,1473
24-12-2012,1032
25-12-2012,1473
26-12-2012,1473
27-12-2012,1473
28-12-2012,1473
29-12-2012,1473
30-12-2012,1504
31-12-2012,1518
01-01-2013,1520
02-01-2013,1523
03-01-2013,1525
04-01-2013,1527
05-01-2013,1529
06-01-2013,1537
07-01-2013,1542
08-01-2013,1544
09-01-2013,1542
10-01-2013,1539
11-01-2013,1535
12-01-2013,1529
13-01-2013,1523
14-01-2013,1516
15-01-2013,1510
16-01-2013,1504
17-01-2013,1500
18-01-2013,1495
19-01-2013,1491
20-01-2013,1487
21-01-2013,1481
22-01-2013,1475
23-01-2013,1469
24-01-2013,1462
25-01-2013,1456
26-01-2013,1448
27-01-2013,1440
28-01-2013,1430
29-01-2013,1418
30-01-2013,1406
31-01-2013,1381
01-02-2013,1359
02-02-2013,1338
03-02-2013,1316
04-02-2013,1293
05-02-2013,1272
06-02-2013,1250
07-02-2013,1232
08-02-2013,1213
09-02-2013,1195
10-02-2013,1177
11-02-2013,1160
12-02-2013,1143
13-02-2013,1124
14-02-2013,1104
15-02-2013,1084
16-02-2013,1067
17-02-2013,1103
18-02-2013,1127
19-02-2013,1138
20-02-2013,1128
21-02-2013,1116
22-02-2013,1104
23-02-2013,1090
24-02-2013,1077
25-02-2013,1062
26-02-2013,1045
27-02-2013,1027
28-02-2013,1007
01-03-2013,986
02-03-2013,966
03-03-2013,944
04-03-2013,919
05-03-2013,894
06-03-2013,868
07-03-2013,891
08-03-2013,871
09-03-2013,850
10-03-2013,829
11-03-2013,807
12-03-2013,786
13-03-2013,786
14-03-2013,741
15-03-2013,718
16-03-2013,697
17-03-2013,679
18-03-2013,661
19-03-2013,641
20-03-2013,617
21-03-2013,593
22-03-2013,572
23-03-2013,553
24-03-2013,534
25-03-2013,512
26-03-2013,491
27-03-2013,469
28-03-2013,446
29-03-2013,425
30-03-2013,401
31-03-2013,406
01-04-2013,411
02-04-2013,416
03-04-2013,422
04-04-2013,427
05-04-2013,432
06-04-2013,437
07-04-2013,441
08-04-2013,444
09-04-2013,446
10-04-2013,446
11-04-2013,445
12-04-2013,444
13-04-2013,443
14-04-2013,441
15-04-2013,439
16-04-2013,437
17-04-2013,434
18-04-2013,432
19-04-2013,430
20-04-2013,428
21-04-2013,426
22-04-2013,423
23-04-2013,421
24-04-2013,419
25-04-2013,417
26-04-2013,415
27-04-2013,412
28-04-2013,410
29-04-2013,408
30-04-2013,406
01-05-2013,404
02-05-2013,401
03-05-2013,399
04-05-2013,397
05-05-2013,395
06-05-2013,393
07-05-2013,391
08-05-2013,388
09-05-2013,386
10-05-2013,384
11-05-2013,382
12-05-2013,380
13-05-2013,378
14-05-2013,376
15-05-2013,373
16-05-2013,371
17-05-2013,369
18-05-2013,367
19-05-2013,365
20-05-2013,363
21-05-2013,361
22-05-2013,359
23-05-2013,356
24-05-2013,354
25-05-2013,352
26-05-2013,349
27-05-2013,347
28-05-2013,345
29-05-2013,343
30-05-2013,341
31-05-2013,339
01-06-2013,337
02-06-2013,335
03-06-2013,333
04-06-2013,331
05-06-2013,329
06-06-2013,327
07-06-2013,325
08-06-2013,323
09-06-2013,321
10-06-2013,319
11-06-2013,317
12-06-2013,315
13-06-2013,312
14-06-2013,309
15-06-2013,305
16-06-2013,301
17-06-2013,296
18-06-2013,291
19-06-2013,286
20-06-2013,282
21-06-2013,277
22-06-2013,271
23-06-2013,265
24-06-2013,259
25-06-2013,253
26-06-2013,247
27-06-2013,241
28-06-2013,235
29-06-2013,229
30-06-2013,224
01-07-2013,219
02-07-2013,214
03-07-2013,209
04-07-2013,205
05-07-2013,201
06-07-2013,199
07-07-2013,197
08-07-2013,195
09-07-2013,187
10-07-2013,177
11-07-2013,176
12-07-2013,170
13-07-2013,167
14-07-2013,165
15-07-2013,158
16-07-2013,160
17-07-2013,150
18-07-2013,145
19-07-2013,139
20-07-2013,139
21-07-2013,133
22-07-2013,135
23-07-2013,146
24-07-2013,158
25-07-2013,163
26-07-2013,168
27-07-2013,174
28-07-2013,180
29-07-2013,186
30-07-2013,192
31-07-2013,197
01-08-2013,198
02-08-2013,199
03-08-2013,200
04-08-2013,205
05-08-2013,201
06-08-2013,191
07-08-2013,187
08-08-2013,185
09-08-2013,184
10-08-2013,188
11-08-2013,190
12-08-2013,197
13-08-2013,201
14-08-2013,210
15-08-2013,247
16-08-2013,260
17-08-2013,286
18-08-2013,295
19-08-2013,300
20-08-2013,306
21-08-2013,309
22-08-2013,311
23-08-2013,313
24-08-2013,315
25-08-2013,315
26-08-2013,315
27-08-2013,315
28-08-2013,310
29-08-2013,300
30-08-2013,317
31-08-2013,312
01-09-2013,307
02-09-2013,301
03-09-2013,298
04-09-2013,322
05-09-2013,327
06-09-2013,322
07-09-2013,315
08-09-2013,307
09-09-2013,298
10-09-2013,289
11-09-2013,319
12-09-2013,357
13-09-2013,380
14-09-2013,402
15-09-2013,411
16-09-2013,409
17-09-2013,404
18-09-2013,398
19-09-2013,402
20-09-2013,400
21-09-2013,395
22-09-2013,395
23-09-2013,389
24-09-2013,378
25-09-2013,367
26-09-2013,359
27-09-2013,351
28-09-2013,348
29-09-2013,343
30-09-2013,334
01-10-2013,329
02-10-2013,319
03-10-2013,309
04-10-2013,308
05-10-2013,297
06-10-2013,285
07-10-2013,273
08-10-2013,263
09-10-2013,251
10-10-2013,259
11-10-2013,257
12-10-2013,251
13-10-2013,240
14-10-2013,230
15-10-2013,220
16-10-2013,209
17-10-2013,202
18-10-2013,197
19-10-2013,188
20-10-2013,188
21-10-2013,200
22-10-2013,225
23-10-2013,239
24-10-2013,249
25-10-2013,251
26-10-2013,298
27-10-2013,337
28-10-2013,384
29-10-2013,428
30-10-2013,452
31-10-2013,455
01-11-2013,457
02-11-2013,454
03-11-2013,445
04-11-2013,434
05-11-2013,683
06-11-2013,413
07-11-2013,402
08-11-2013,392
09-11-2013,382
10-11-2013,374
11-11-2013,364
12-11-2013,357
13-11-2013,349
14-11-2013,341
15-11-2013,334
16-11-2013,322
17-11-2013,376
18-11-2013,550
19-11-2013,653
20-11-2013,709
21-11-2013,729
22-11-2013,733
23-11-2013,730
24-11-2013,725
25-11-2013,747
26-11-2013,757
27-11-2013,764
28-11-2013,770
29-11-2013,763
30-11-2013,753
01-12-2013,747
02-12-2013,737
03-12-2013,724
04-12-2013,705
05-12-2013,683
06-12-2013,664
07-12-2013,644
08-12-2013,623
09-12-2013,601
10-12-2013,575
11-12-2013,550
12-12-2013,530
13-12-2013,515
14-12-2013,493
15-12-2013,470
16-12-2013,449
17-12-2013,427
18-12-2013,405
19-12-2013,381
20-12-2013,359
21-12-2013,335
22-12-2013,311
23-12-2013,287
24-12-2013,270
25-12-2013,251
26-12-2013,232
27-12-2013,214
28-12-2013,199
29-12-2013,184
30-12-2013,172
31-12-2013,160
01-01-2014,147
02-01-2014,138
03-01-2014,129
04-01-2014,122
05-01-2014,460
06-01-2014,111
07-01-2014,107
08-01-2014,104
09-01-2014,101
10-01-2014,98
11-01-2014,96
12-01-2014,94
13-01-2014,93
14-01-2014,95
15-01-2014,100
16-01-2014,104
17-01-2014,109
18-01-2014,117
19-01-2014,123
20-01-2014,129
21-01-2014,134
22-01-2014,138
23-01-2014,147
24-01-2014,158
25-01-2014,165
26-01-2014,174
27-01-2014,187
28-01-2014,202
29-01-2014,218
30-01-2014,232
31-01-2014,244
01-02-2014,254
02-02-2014,268
03-02-2014,287
04-02-2014,308
05-02-2014,336
06-02-2014,428
07-02-2014,415
08-02-2014,454
09-02-2014,484
10-02-2014,515
11-02-2014,545
12-02-2014,565
13-02-2014,566
14-02-2014,568
15-02-2014,574
16-02-2014,583
17-02-2014,593
18-02-2014,598
19-02-2014,598
20-02-2014,592
21-02-2014,586
22-02-2014,580
23-02-2014,575
24-02-2014,570
25-02-2014,559
26-02-2014,549
27-02-2014,540
28-02-2014,533
01-03-2014,526
02-03-2014,515
03-03-2014,506
04-03-2014,506
05-03-2014,506
06-03-2014,506
07-03-2014,496
08-03-2014,483
09-03-2014,468
10-03-2014,452
11-03-2014,433
12-03-2014,396
13-03-2014,366
14-03-2014,342
15-03-2014,318
16-03-2014,290
17-03-2014,270
18-03-2014,251
19-03-2014,232
20-03-2014,213
21-03-2014,194
22-03-2014,175
23-03-2014,175
24-03-2014,141
25-03-2014,128
26-03-2014,122
27-03-2014,116
28-03-2014,110
29-03-2014,104
30-03-2014,100
31-03-2014,96
01-04-2014,93
02-04-2014,100
03-04-2014,106
04-04-2014,114
05-04-2014,125
06-04-2014,137
07-04-2014,150
08-04-2014,163
09-04-2014,177
10-04-2014,195
11-04-2014,212
12-04-2014,234
13-04-2014,235
14-04-2014,236
15-04-2014,232
16-04-2014,227
17-04-2014,223
18-04-2014,220
19-04-2014,220
20-04-2014,225
21-04-2014,230
22-04-2014,234
23-04-2014,242
24-04-2014,261
25-04-2014,264
26-04-2014,268
27-04-2014,268
28-04-2014,270
29-04-2014,277
30-04-2014,286
01-05-2014,294
02-05-2014,300
03-05-2014,307
04-05-2014,316
05-05-2014,338
06-05-2014,348
07-05-2014,364
08-05-2014,386
09-05-2014,401
10-05-2014,409
11-05-2014,415
12-05-2014,422
13-05-2014,425
14-05-2014,423
15-05-2014,426
16-05-2014,430
17-05-2014,433
18-05-2014,433
19-05-2014,432
20-05-2014,436
21-05-2014,444
22-05-2014,453
23-05-2014,453
24-05-2014,455
25-05-2014,454
26-05-2014,454
27-05-2014,451
28-05-2014,446
29-05-2014,440
30-05-2014,427
31-05-2014,427
01-06-2014,429
02-06-2014,428
03-06-2014,423
04-06-2014,413
05-06-2014,407
06-06-2014,395
07-06-2014,383
08-06-2014,366
09-06-2014,353
10-06-2014,336
11-06-2014,317
12-06-2014,295
13-06-2014,275
14-06-2014,255
15-06-2014,238
16-06-2014,226
17-06-2014,213
18-06-2014,199
19-06-2014,185
20-06-2014,170
21-06-2014,158
22-06-2014,149
23-06-2014,140
24-06-2014,131
25-06-2014,126
26-06-2014,121
27-06-2014,116
28-06-2014,112
29-06-2014,109
30-06-2014,106
01-07-2014,105
02-07-2014,104
03-07-2014,103
04-07-2014,102
05-07-2014,100
06-07-2014,114
07-07-2014,115
08-07-2014,112
09-07-2014,109
10-07-2014,106
11-07-2014,106
12-07-2014,104
13-07-2014,103
14-07-2014,102
15-07-2014,101
16-07-2014,100
17-07-2014,98
18-07-2014,97
19-07-2014,96
20-07-2014,95
21-07-2014,94
22-07-2014,93
23-07-2014,92
24-07-2014,91
25-07-2014,90
26-07-2014,89
27-07-2014,88
28-07-2014,86
29-07-2014,84
30-07-2014,83
31-07-2014,82
01-08-2014,81
02-08-2014,80
03-08-2014,79
04-08-2014,78
05-08-2014,76
06-08-2014,75
07-08-2014,91
08-08-2014,116
09-08-2014,141
10-08-2014,167
11-08-2014,192
12-08-2014,265
13-08-2014,307
14-08-2014,347
15-08-2014,384
16-08-2014,431
17-08-2014,454
18-08-2014,470
19-08-2014,488
20-08-2014,496
21-08-2014,511
22-08-2014,523
23-08-2014,519
24-08-2014,517
25-08-2014,556
26-08-2014,563
27-08-2014,566
28-08-2014,574
29-08-2014,578
30-08-2014,578
31-08-2014,575
01-09-2014,574
02-09-2014,596
03-09-2014,593
04-09-2014,604
05-09-2014,606
06-09-2014,626
07-09-2014,640
08-09-2014,653
09-09-2014,664
10-09-2014,671
11-09-2014,679
12-09-2014,682
13-09-2014,689
14-09-2014,685
15-09-2014,679
16-09-2014,679
17-09-2014,658
18-09-2014,635
19-09-2014,617
20-09-2014,593
21-09-2014,569
22-09-2014,575
23-09-2014,565
24-09-2014,555
25-09-2014,531
26-09-2014,507
27-09-2014,497
28-09-2014,480
29-09-2014,456
30-09-2014,433
01-10-2014,410
02-10-2014,387
03-10-2014,365
04-10-2014,344
05-10-2014,323
06-10-2014,302
07-10-2014,285
08-10-2014,270
09-10-2014,251
10-10-2014,232
11-10-2014,213
12-10-2014,196
13-10-2014,179
14-10-2014,162
15-10-2014,148
16-10-2014,134
17-10-2014,122
18-10-2014,122
19-10-2014,185
20-10-2014,208
21-10-2014,225
22-10-2014,223
23-10-2014,220
24-10-2014,234
25-10-2014,249
26-10-2014,262
27-10-2014,273
28-10-2014,279
29-10-2014,281
30-10-2014,281
31-10-2014,280
01-11-2014,286
02-11-2014,281
03-11-2014,277
04-11-2014,273
05-11-2014,270
06-11-2014,267
07-11-2014,275
08-11-2014,277
09-11-2014,276
10-11-2014,274
11-11-2014,271
12-11-2014,267
13-11-2014,334
14-11-2014,373
15-11-2014,392
16-11-2014,400
17-11-2014,406
18-11-2014,406
19-11-2014,400
20-11-2014,391
21-11-2014,380
22-11-2014,372
23-11-2014,362
24-11-2014,354
25-11-2014,345
26-11-2014,336
27-11-2014,326
28-11-2014,317
29-11-2014,306
30-11-2014,294
01-12-2014,280
02-12-2014,267
03-12-2014,255
04-12-2014,241
05-12-2014,225
06-12-2014,212
07-12-2014,200
08-12-2014,189
09-12-2014,178
10-12-2014,176
11-12-2014,182
12-12-2014,187
13-12-2014,196
14-12-2014,298
15-12-2014,332
16-12-2014,342
17-12-2014,354
18-12-2014,365
19-12-2014,374
20-12-2014,384
21-12-2014,391
22-12-2014,393
23-12-2014,399
24-12-2014,405
25-12-2014,413
26-12-2014,422
27-12-2014,431
28-12-2014,436
29-12-2014,445
30-12-2014,473
31-12-2014,485
01-01-2015,487
02-01-2015,481
03-01-2015,476
04-01-2015,470
05-01-2015,460
06-01-2015,449
07-01-2015,438
08-01-2015,427
09-01-2015,415
10-01-2015,402
11-01-2015,389
12-01-2015,374
13-01-2015,360
14-01-2015,347
15-01-2015,334
16-01-2015,319
17-01-2015,3221
18-01-2015,277
19-01-2015,259
20-01-2015,243
21-01-2015,227
22-01-2015,212
23-01-2015,207
24-01-2015,206
25-01-2015,205
26-01-2015,208
27-01-2015,212
28-01-2015,217
29-01-2015,224
30-01-2015,229
31-01-2015,232
01-02-2015,235
02-02-2015,236
03-02-2015,236
04-02-2015,234
05-02-2015,230
06-02-2015,229
07-02-2015,224
08-02-2015,219
09-02-2015,216
10-02-2015,218
11-02-2015,235
12-02-2015,252
13-02-2015,265
14-02-2015,274
15-02-2015,282
16-02-2015,289
17-02-2015,294
18-02-2015,298
19-02-2015,298
20-02-2015,294
21-02-2015,289
22-02-2015,283
23-02-2015,275
24-02-2015,268
25-02-2015,261
26-02-2015,252
27-02-2015,244
28-02-2015,235
01-03-2015,235
02-03-2015,239
03-03-2015,240
04-03-2015,238
05-03-2015,235
06-03-2015,231
07-03-2015,229
08-03-2015,221
09-03-2015,206
10-03-2015,192
11-03-2015,181
12-03-2015,165
13-03-2015,158
14-03-2015,162
15-03-2015,169
16-03-2015,175
17-03-2015,180
18-03-2015,180
19-03-2015,171
20-03-2015,156
21-03-2015,140
22-03-2015,127
23-03-2015,113
24-03-2015,107
25-03-2015,102
26-03-2015,98
27-03-2015,94
28-03-2015,90
29-03-2015,86
30-03-2015,83
31-03-2015,80
01-04-2015,77
02-04-2015,74
03-04-2015,73
04-04-2015,72
05-04-2015,70
06-04-2015,69
07-04-2015,68
08-04-2015,67
09-04-2015,66
10-04-2015,65
11-04-2015,64
12-04-2015,63
13-04-2015,61
14-04-2015,69
15-04-2015,103
16-04-2015,146
17-04-2015,196
18-04-2015,250
19-04-2015,307
20-04-2015,328
21-04-2015,341
22-04-2015,353
23-04-2015,362
24-04-2015,368
25-04-2015,360
26-04-2015,319
27-04-2015,276
28-04-2015,232
29-04-2015,197
30-04-2015,164
01-05-2015,155
02-05-2015,153
03-05-2015,155
04-05-2015,153
05-05-2015,151
06-05-2015,150
07-05-2015,148
08-05-2015,146
09-05-2015,144
10-05-2015,142
11-05-2015,141
12-05-2015,139
13-05-2015,137
14-05-2015,135
15-05-2015,133
16-05-2015,131
17-05-2015,129
18-05-2015,127
19-05-2015,125
20-05-2015,123
21-05-2015,121
22-05-2015,119
23-05-2015,117
24-05-2015,115
25-05-2015,113
26-05-2015,111
27-05-2015,109
28-05-2015,107
29-05-2015,105
30-05-2015,103
31-05-2015,101
01-06-2015,98
02-06-2015,96
03-06-2015,96
04-06-2015,94
05-06-2015,92
06-06-2015,103
07-06-2015,119
08-06-2015,134
09-06-2015,150
10-06-2015,164
11-06-2015,171
12-06-2015,173
13-06-2015,173
14-06-2015,172
15-06-2015,170
16-06-2015,166
17-06-2015,160
18-06-2015,153
19-06-2015,143
20-06-2015,133
21-06-2015,123
22-06-2015,116
23-06-2015,108
24-06-2015,102
25-06-2015,96
26-06-2015,88
27-06-2015,86
28-06-2015,85
29-06-2015,83
30-06-2015,82
01-07-2015,80
02-07-2015,78
03-07-2015,76
04-07-2015,75
05-07-2015,73
06-07-2015,71
07-07-2015,69
08-07-2015,67
09-07-2015,66
10-07-2015,64
11-07-2015,64
12-07-2015,63
13-07-2015,61
14-07-2015,60
15-07-2015,59
16-07-2015,57
17-07-2015,56
18-07-2015,54
19-07-2015,53
20-07-2015,51
21-07-2015,50
22-07-2015,48
23-07-2015,50
24-07-2015,51
25-07-2015,53
26-07-2015,52
27-07-2015,55
28-07-2015,56
29-07-2015,55
30-07-2015,54
31-07-2015,53
01-08-2015,52
02-08-2015,51
03-08-2015,50
04-08-2015,49
05-08-2015,55
06-08-2015,54
07-08-2015,53
08-08-2015,53
09-08-2015,53
10-08-2015,53
11-08-2015,55
12-08-2015,55
13-08-2015,55
14-08-2015,55
15-08-2015,55
16-08-2015,54
17-08-2015,54
18-08-2015,54
19-08-2015,54
20-08-2015,53
21-08-2015,56
22-08-2015,58
23-08-2015,60
24-08-2015,60
25-08-2015,60
26-08-2015,60
27-08-2015,60
28-08-2015,60
29-08-2015,59
30-08-2015,59
31-08-2015,59
01-09-2015,59
02-09-2015,59
03-09-2015,59
04-09-2015,59
05-09-2015,58
06-09-2015,58
07-09-2015,58
08-09-2015,58
09-09-2015,57
10-09-2015,57
11-09-2015,57
12-09-2015,56
13-09-2015,55
14-09-2015,54
15-09-2015,54
16-09-2015,53
17-09-2015,53
18-09-2015,52
19-09-2015,52
20-09-2015,50
21-09-2015,55
22-09-2015,55
23-09-2015,55
24-09-2015,55
25-09-2015,54
26-09-2015,54
27-09-2015,53
28-09-2015,53
29-09-2015,59
30-09-2015,59
01-10-2015,59
02-10-2015,58
03-10-2015,63
04-10-2015,63
05-10-2015,63
06-10-2015,63
07-10-2015,62
08-10-2015,68
09-10-2015,70
10-10-2015,75
11-10-2015,82
12-10-2015,82
13-10-2015,81
14-10-2015,81
15-10-2015,80
16-10-2015,80
17-10-2015,79
18-10-2015,79
19-10-2015,77
20-10-2015,77
21-10-2015,76
22-10-2015,76
23-10-2015,75
24-10-2015,75
25-10-2015,73
26-10-2015,73
27-10-2015,72
28-10-2015,72
29-10-2015,71
30-10-2015,71
31-10-2015,71
01-11-2015,70
02-11-2015,71
03-11-2015,71
04-11-2015,77
05-11-2015,77
06-11-2015,76
07-11-2015,76
08-11-2015,76
09-11-2015,122
10-11-2015,160
11-11-2015,204
12-11-2015,536
13-11-2015,989
14-11-2015,1436
15-11-2015,1626
16-11-2015,2044
17-11-2015,2823
18-11-2015,2478
19-11-2015,2755
20-11-2015,2745
21-11-2015,2730
22-11-2015,2748
23-11-2015,2727
24-11-2015,2792
25-11-2015,2669
26-11-2015,2627
27-11-2015,2669
28-11-2015,2715
29-11-2015,2745
30-11-2015,2681
01-12-2015,2745
02-12-2015,2807
03-12-2015,2669
04-12-2015,2669
05-12-2015,2609
06-12-2015,2521
07-12-2015,2323
08-12-2015,2507
09-12-2015,2595
10-12-2015,2521
11-12-2015,2636
12-12-2015,2807
13-12-2015,2905
14-12-2015,2966
15-12-2015,3005
16-12-2015,3022
17-12-2015,3028
18-12-2015,3028
19-12-2015,3064
20-12-2015,3061
21-12-2015,3061
22-12-2015,3064
23-12-2015,3061
24-12-2015,3061
25-12-2015,3077
26-12-2015,3087
27-12-2015,3095
28-12-2015,3101
29-12-2015,3104
30-12-2015,3108
31-12-2015,3111
01-01-2016,3114
02-01-2016,3118
03-01-2016,3121
04-01-2016,3124
05-01-2016,3128
06-01-2016,3131
07-01-2016,3135
08-01-2016,3159
09-01-2016,3159
10-01-2016,3159
11-01-2016,3167
12-01-2016,3175
13-01-2016,3186
14-01-2016,3194
15-01-2016,3213
16-01-2016,3213
17-01-2016,3221
18-01-2016,3231
19-01-2016,3231
20-01-2016,3231
21-01-2016,3224
22-01-2016,3186
23-01-2016,3159
24-01-2016,3111
25-01-2016,3064
26-01-2016,3015
27-01-2016,2960
28-01-2016,2896
29-01-2016,2832
30-01-2016,2767
31-01-2016,2696
01-02-2016,2627
02-02-2016,2559
03-02-2016,2489
04-02-2016,2424
05-02-2016,2365
06-02-2016,2304
07-02-2016,2255
08-02-2016,2190
09-02-2016,2155
10-02-2016,2150
11-02-2016,2145
12-02-2016,2140
13-02-2016,2137
14-02-2016,2137
15-02-2016,2127
16-02-2016,2121
17-02-2016,2116
18-02-2016,2111
19-02-2016,2106
20-02-2016,2100
21-02-2016,2095
22-02-2016,2090
23-02-2016,2085
24-02-2016,2080
25-02-2016,2074
26-02-2016,2069
27-02-2016,2064
28-02-2016,2059
29-02-2016,2054
01-03-2016,2049
02-03-2016,2044
03-03-2016,2039
04-03-2016,2033
05-03-2016,2028
06-03-2016,2023
07-03-2016,2018
08-03-2016,2013
09-03-2016,2008
10-03-2016,2003
11-03-2016,1998
12-03-2016,1993
13-03-2016,1990
14-03-2016,1988
15-03-2016,1983
16-03-2016,1978
17-03-2016,1975
18-03-2016,1973
19-03-2016,1968
20-03-2016,1965
21-03-2016,1960
22-03-2016,1958
23-03-2016,1953
24-03-2016,1948
25-03-2016,1948
26-03-2016,1938
27-03-2016,1933
28-03-2016,1928
29-03-2016,1923
30-03-2016,1918
31-03-2016,1916
01-04-2016,1911
02-04-2016,1906
03-04-2016,1901
04-04-2016,1896
05-04-2016,1891
06-04-2016,1886
07-04-2016,1882
08-04-2016,1877
09-04-2016,1872
10-04-2016,1867
11-04-2016,1862
12-04-2016,1857
13-04-2016,1853
14-04-2016,1853
15-04-2016,1843
16-04-2016,1838
17-04-2016,1838
18-04-2016,1829
19-04-2016,1829
20-04-2016,1746
21-04-2016,1698
22-04-2016,1651
23-04-2016,1651
24-04-2016,1557
25-04-2016,1510
26-04-2016,1489
27-04-2016,1438
28-04-2016,1387
29-04-2016,1338
30-04-2016,1288
01-05-2016,1239
02-05-2016,1190
03-05-2016,1142
04-05-2016,1095
05-05-2016,1048
06-05-2016,1001
07-05-2016,954
08-05-2016,930
09-05-2016,927
10-05-2016,924
11-05-2016,919
12-05-2016,917
13-05-2016,914
14-05-2016,911
15-05-2016,911
16-05-2016,905
17-05-2016,902
18-05-2016,917
19-05-2016,1079
20-05-2016,1111
21-05-2016,1111
22-05-2016,1107
23-05-2016,1103
24-05-2016,1100
25-05-2016,1096
26-05-2016,1092
27-05-2016,1088
28-05-2016,1084
29-05-2016,1079
30-05-2016,1074
31-05-2016,1070
01-06-2016,1065
02-06-2016,1062
03-06-2016,1057
04-06-2016,1054
05-06-2016,1050
06-06-2016,1045
07-06-2016,1042
08-06-2016,1038
09-06-2016,1038
10-06-2016,1035
11-06-2016,1030
12-06-2016,1026
13-06-2016,1021
14-06-2016,1018
15-06-2016,1014
16-06-2016,1010
17-06-2016,1007
18-06-2016,1004
19-06-2016,999
20-06-2016,999
21-06-2016,999
22-06-2016,1029
23-06-2016,1039
24-06-2016,1041
25-06-2016,1041
26-06-2016,1036
27-06-2016,1033
28-06-2016,1029
29-06-2016,1026
30-06-2016,1021
01-07-2016,1018
02-07-2016,1015
03-07-2016,1013
04-07-2016,1010
05-07-2016,1013
06-07-2016,1010
07-07-2016,1007
08-07-2016,1004
09-07-2016,982
10-07-2016,950
11-07-2016,917
12-07-2016,884
13-07-2016,851
14-07-2016,818
15-07-2016,825
16-07-2016,805
17-07-2016,776
18-07-2016,744
19-07-2016,715
20-07-2016,682
21-07-2016,649
22-07-2016,615
23-07-2016,582
24-07-2016,549
25-07-2016,517
26-07-2016,514
27-07-2016,536
28-07-2016,559
29-07-2016,578
30-07-2016,597
31-07-2016,617
01-08-2016,643
02-08-2016,662
03-08-2016,662
04-08-2016,662
05-08-2016,662
06-08-2016,660
07-08-2016,656
08-08-2016,653
09-08-2016,650
10-08-2016,648
11-08-2016,644
12-08-2016,641
13-08-2016,639
14-08-2016,635
15-08-2016,632
16-08-2016,628
17-08-2016,626
18-08-2016,623
19-08-2016,620
20-08-2016,617
21-08-2016,613
22-08-2016,609
23-08-2016,605
24-08-2016,601
25-08-2016,597
26-08-2016,593
27-08-2016,589
28-08-2016,584
29-08-2016,580
30-08-2016,577
31-08-2016,573
01-09-2016,569
02-09-2016,565
03-09-2016,561
04-09-2016,556
05-09-2016,553
06-09-2016,549
07-09-2016,545
08-09-2016,541
09-09-2016,536
10-09-2016,533
11-09-2016,529
12-09-2016,525
13-09-2016,520
14-09-2016,517
15-09-2016,509
16-09-2016,522
17-09-2016,522
18-09-2016,512
19-09-2016,500
20-09-2016,488
21-09-2016,476
22-09-2016,460
23-09-2016,444
24-09-2016,428
25-09-2016,412
26-09-2016,393
27-09-2016,372
28-09-2016,337
29-09-2016,314
30-09-2016,305
01-10-2016,285
02-10-2016,265
03-10-2016,246
04-10-2016,228
05-10-2016,212
06-10-2016,197
07-10-2016,172
08-10-2016,172
09-10-2016,161
10-10-2016,151
11-10-2016,142
12-10-2016,135
13-10-2016,129
14-10-2016,123
15-10-2016,117
16-10-2016,111
17-10-2016,105
18-10-2016,99
19-10-2016,93
20-10-2016,87
21-10-2016,90
22-10-2016,95
23-10-2016,162
24-10-2016,134
25-10-2016,163
26-10-2016,179
27-10-2016,191
28-10-2016,202
29-10-2016,213
30-10-2016,223
31-10-2016,229
01-11-2016,229
02-11-2016,229
03-11-2016,243
04-11-2016,250
05-11-2016,250
06-11-2016,246
07-11-2016,231
08-11-2016,215
09-11-2016,199
10-11-2016,183
11-11-2016,167
12-11-2016,152
13-11-2016,139
14-11-2016,129
15-11-2016,119
16-11-2016,110
17-11-2016,104
18-11-2016,100
19-11-2016,95
20-11-2016,91
21-11-2016,87
22-11-2016,83
23-11-2016,80
24-11-2016,77
25-11-2016,74
26-11-2016,71
27-11-2016,74
28-11-2016,101
29-11-2016,131
30-11-2016,163
01-12-2016,194
02-12-2016,243
03-12-2016,285
04-12-2016,319
05-12-2016,347
06-12-2016,363
07-12-2016,376
08-12-2016,389
09-12-2016,404
10-12-2016,416
11-12-2016,425
12-12-2016,436
13-12-2016,528
14-12-2016,597
15-12-2016,630
16-12-2016,649
17-12-2016,649
18-12-2016,658
19-12-2016,660
20-12-2016,660
21-12-2016,657
22-12-2016,653
23-12-2016,649
24-12-2016,645
25-12-2016,641
26-12-2016,637
27-12-2016,633
28-12-2016,630
29-12-2016,627
30-12-2016,624
31-12-2016,620
01-01-2017,617
02-01-2017,613
03-01-2017,609
04-01-2017,605
05-01-2017,1018
06-01-2017,597
07-01-2017,593
08-01-2017,589
09-01-2017,586
10-01-2017,582
11-01-2017,578
12-01-2017,574
13-01-2017,570
14-01-2017,566
15-01-2017,563
16-01-2017,560
17-01-2017,556
18-01-2017,553
19-01-2017,550
20-01-2017,546
21-01-2017,546
22-01-2017,551
23-01-2017,558
24-01-2017,569
25-01-2017,583
26-01-2017,603
27-01-2017,626
28-01-2017,649
29-01-2017,660
30-01-2017,683
31-01-2017,703
01-02-2017,724
02-02-2017,736
03-02-2017,749
04-02-2017,749
05-02-2017,749
06-02-2017,778
07-02-2017,785
08-02-2017,791
09-02-2017,796
10-02-2017,799
11-02-2017,797
12-02-2017,797
13-02-2017,796
14-02-2017,797
15-02-2017,798
16-02-2017,804
17-02-2017,815
18-02-2017,815
19-02-2017,837
20-02-2017,842
21-02-2017,842
22-02-2017,840
23-02-2017,833
24-02-2017,833
25-02-2017,835
26-02-2017,835
27-02-2017,825
28-02-2017,818
01-03-2017,799
02-03-2017,789
03-03-2017,775
04-03-2017,759
05-03-2017,740
06-03-2017,721
07-03-2017,703
08-03-2017,683
09-03-2017,662
10-03-2017,641
11-03-2017,620
12-03-2017,595
13-03-2017,569
14-03-2017,549
15-03-2017,528
16-03-2017,507
17-03-2017,488
18-03-2017,466
19-03-2017,441
20-03-2017,416
21-03-2017,391
22-03-2017,366
23-03-2017,342
24-03-2017,317
25-03-2017,292
26-03-2017,269
27-03-2017,248
28-03-2017,225
29-03-2017,204
30-03-2017,185
31-03-2017,170
01-04-2017,160
02-04-2017,146
03-04-2017,134
04-04-2017,125
05-04-2017,118
06-04-2017,112
07-04-2017,110
08-04-2017,107
09-04-2017,105
10-04-2017,103
11-04-2017,100
12-04-2017,98
13-04-2017,96
14-04-2017,94
15-04-2017,92
16-04-2017,90
17-04-2017,88
18-04-2017,86
19-04-2017,84
20-04-2017,82
21-04-2017,80
22-04-2017,78
23-04-2017,76
24-04-2017,74
25-04-2017,71
26-04-2017,69
27-04-2017,67
28-04-2017,64
29-04-2017,62
30-04-2017,60
01-05-2017,58
02-05-2017,57
03-05-2017,56
04-05-2017,55
05-05-2017,54
06-05-2017,53
07-05-2017,52
08-05-2017,51
09-05-2017,50
10-05-2017,54
11-05-2017,53
12-05-2017,52
13-05-2017,51
14-05-2017,50
15-05-2017,49
16-05-2017,49
17-05-2017,48
18-05-2017,48
19-05-2017,47
20-05-2017,46
21-05-2017,46
22-05-2017,45
23-05-2017,45
24-05-2017,44
25-05-2017,43
26-05-2017,43
27-05-2017,42
28-05-2017,42
29-05-2017,41
30-05-2017,41
31-05-2017,40
01-06-2017,39
02-06-2017,38
03-06-2017,36
04-06-2017,35
05-06-2017,34
06-06-2017,33
07-06-2017,32
08-06-2017,31
09-06-2017,30
10-06-2017,27
11-06-2017,23
12-06-2017,21
13-06-2017,21
14-06-2017,20
15-06-2017,20
16-06-2017,20
17-06-2017,20
18-06-2017,20
19-06-2017,20
20-06-2017,20
21-06-2017,20
22-06-2017,20
23-06-2017,20
24-06-2017,20
25-06-2017,20
26-06-2017,20
27-06-2017,20
28-06-2017,20
29-06-2017,20
30-06-2017,19
01-07-2017,19
02-07-2017,19
03-07-2017,19
04-07-2017,19
05-07-2017,19
06-07-2017,18
07-07-2017,18
08-07-2017,18
09-07-2017,18
10-07-2017,18
11-07-2017,18
12-07-2017,19
13-07-2017,21
14-07-2017,21
15-07-2017,21
16-07-2017,21
17-07-2017,21
18-07-2017,21
19-07-2017,21
20-07-2017,21
21-07-2017,21
22-07-2017,21
23-07-2017,21
24-07-2017,21
25-07-2017,20
26-07-2017,20
27-07-2017,20
28-07-2017,20
29-07-2017,20
30-07-2017,20
31-07-2017,20
01-08-2017,20
02-08-2017,19
03-08-2017,19
04-08-2017,19
05-08-2017,19
06-08-2017,19
07-08-2017,19
08-08-2017,19
09-08-2017,18
10-08-2017,18
11-08-2017,18
12-08-2017,18
13-08-2017,18
14-08-2017,18
15-08-2017,19
16-08-2017,19
17-08-2017,19
18-08-2017,20
19-08-2017,21
20-08-2017,21
21-08-2017,21
22-08-2017,22
23-08-2017,22
24-08-2017,23
25-08-2017,23
26-08-2017,23
27-08-2017,23
28-08-2017,24
29-08-2017,24
30-08-2017,24
31-08-2017,27
01-09-2017,27
02-09-2017,27
03-09-2017,27
04-09-2017,27
05-09-2017,28
06-09-2017,27
07-09-2017,28
08-09-2017,28
09-09-2017,28
10-09-2017,28
11-09-2017,28
12-09-2017,28
13-09-2017,28
14-09-2017,28
15-09-2017,28
16-09-2017,28
17-09-2017,28
18-09-2017,28
19-09-2017,28
20-09-2017,28
21-09-2017,28
22-09-2017,28
23-09-2017,28
24-09-2017,28
25-09-2017,28
26-09-2017,28
27-09-2017,28
28-09-2017,27
29-09-2017,27
30-09-2017,27
01-10-2017,42
02-10-2017,62
03-10-2017,67
04-10-2017,68
05-10-2017,77
06-10-2017,92
07-10-2017,120
08-10-2017,131
09-10-2017,134
10-10-2017,137
11-10-2017,140
12-10-2017,150
13-10-2017,192
14-10-2017,225
15-10-2017,237
16-10-2017,246
17-10-2017,270
18-10-2017,288
19-10-2017,295
20-10-2017,298
21-10-2017,299
22-10-2017,299
23-10-2017,302
24-10-2017,302
25-10-2017,302
26-10-2017,301
27-10-2017,301
28-10-2017,301
29-10-2017,300
30-10-2017,300
31-10-2017,312
01-11-2017,332
02-11-2017,349
03-11-2017,368
04-11-2017,400
05-11-2017,468
06-11-2017,559
07-11-2017,656
08-11-2017,756
09-11-2017,818
10-11-2017,853
11-11-2017,881
12-11-2017,895
13-11-2017,909
14-11-2017,924
15-11-2017,945
16-11-2017,963
17-11-2017,979
18-11-2017,987
19-11-2017,992
20-11-2017,997
21-11-2017,999
22-11-2017,999
23-11-2017,999
24-11-2017,999
25-11-2017,997
26-11-2017,995
27-11-2017,993
28-11-2017,990
29-11-2017,987
30-11-2017,984
01-12-2017,1004
02-12-2017,1026
03-12-2017,1048
04-12-2017,1059
05-12-2017,1067
06-12-2017,1071
07-12-2017,1071
08-12-2017,1071
09-12-2017,1069
10-12-2017,1068
11-12-2017,1067
12-12-2017,1064
13-12-2017,1061
14-12-2017,1058
15-12-2017,1055
16-12-2017,1053
17-12-2017,1050
18-12-2017,1047
19-12-2017,1045
20-12-2017,1042
21-12-2017,1040
22-12-2017,1037
23-12-2017,1035
24-12-2017,1032
25-12-2017,1030
26-12-2017,1027
27-12-2017,1025
28-12-2017,1022
29-12-2017,1019
30-12-2017,1017
31-12-2017,1014
01-01-2018,1012
02-01-2018,1012
03-01-2018,1012
04-01-2018,1014
05-01-2018,1018
06-01-2018,1024
07-01-2018,1032
08-01-2018,1042
09-01-2018,1055
10-01-2018,1070
11-01-2018,1084
12-01-2018,1096
13-01-2018,1108
14-01-2018,1124
15-01-2018,1140
16-01-2018,1152
17-01-2018,1161
18-01-2018,1172
19-01-2018,1180
20-01-2018,1191
21-01-2018,1204
22-01-2018,1215
23-01-2018,1229
24-01-2018,1237
25-01-2018,1255
26-01-2018,1273
27-01-2018,1292
28-01-2018,1310
29-01-2018,1329
30-01-2018,1348
31-01-2018,1367
01-02-2018,1387
02-02-2018,1406
03-02-2018,1426
04-02-2018,1446
05-02-2018,1467
06-02-2018,1487
07-02-2018,1518
08-02-2018,1540
09-02-2018,1561
10-02-2018,1582
11-02-2018,1604
12-02-2018,1626
13-02-2018,1637
14-02-2018,1648
15-02-2018,1671
16-02-2018,1693
17-02-2018,1712
18-02-2018,1739
19-02-2018,1763
20-02-2018,1791
21-02-2018,1821
22-02-2018,1850
23-02-2018,1874
24-02-2018,1899
25-02-2018,1924
26-02-2018,1950
27-02-2018,1968
28-02-2018,1993
01-03-2018,2011
02-03-2018,2021
03-03-2018,2031
04-03-2018,2041
05-03-2018,2051
06-03-2018,2057
07-03-2018,2059
08-03-2018,2059
09-03-2018,2057
10-03-2018,2054
11-03-2018,2039
12-03-2018,2018
13-03-2018,1997
14-03-2018,1980
15-03-2018,1965
16-03-2018,1943
17-03-2018,1921
18-03-2018,1899
19-03-2018,1882
20-03-2018,1869
21-03-2018,1857
22-03-2018,1845
23-03-2018,1833
24-03-2018,1820
25-03-2018,1809
26-03-2018,1790
27-03-2018,1774
28-03-2018,1739
29-03-2018,1705
30-03-2018,1675
31-03-2018,1644
01-04-2018,1611
02-04-2018,1580
03-04-2018,1549
04-04-2018,1518
05-04-2018,1487
06-04-2018,1446
07-04-2018,1406
08-04-2018,1365
09-04-2018,1325
10-04-2018,1284
11-04-2018,1244
12-04-2018,1204
13-04-2018,1163
14-04-2018,1126
15-04-2018,1090
16-04-2018,1055
17-04-2018,1018
18-04-2018,983
19-04-2018,948
20-04-2018,900
21-04-2018,852
22-04-2018,804
23-04-2018,756
24-04-2018,708
25-04-2018,662
26-04-2018,616
27-04-2018,570
28-04-2018,524
29-04-2018,478
30-04-2018,432
01-05-2018,396
02-05-2018,362
03-05-2018,329
04-05-2018,297
05-05-2018,279
06-05-2018,260
07-05-2018,242
08-05-2018,227
09-05-2018,212
10-05-2018,200
11-05-2018,200
12-05-2018,198
13-05-2018,198
14-05-2018,197
15-05-2018,196
16-05-2018,195
17-05-2018,194
18-05-2018,193
19-05-2018,192
20-05-2018,191
21-05-2018,190
22-05-2018,189
23-05-2018,188
24-05-2018,188
25-05-2018,187
26-05-2018,187
27-05-2018,187
28-05-2018,186
29-05-2018,186
30-05-2018,185
31-05-2018,185
01-06-2018,184
02-06-2018,184
03-06-2018,184
04-06-2018,183
05-06-2018,183
06-06-2018,182
07-06-2018,182
08-06-2018,181
09-06-2018,181
10-06-2018,181
11-06-2018,180
12-06-2018,180
13-06-2018,179
14-06-2018,179
15-06-2018,178
16-06-2018,178
17-06-2018,178
18-06-2018,177
19-06-2018,177
20-06-2018,176
21-06-2018,172
22-06-2018,168
23-06-2018,164
24-06-2018,160
25-06-2018,156
26-06-2018,152
27-06-2018,148
28-06-2018,144
29-06-2018,140
30-06-2018,136
01-07-2018,132
02-07-2018,128
03-07-2018,134
04-07-2018,134
05-07-2018,131
06-07-2018,128
07-07-2018,124
08-07-2018,120
09-07-2018,116
10-07-2018,112
11-07-2018,109
12-07-2018,107
13-07-2018,104
14-07-2018,102
15-07-2018,99
16-07-2018,96
17-07-2018,92
18-07-2018,88
19-07-2018,84
20-07-2018,80
21-07-2018,76
22-07-2018,73
23-07-2018,70
24-07-2018,67
25-07-2018,64
26-07-2018,62
27-07-2018,60
28-07-2018,58
29-07-2018,56
30-07-2018,54
31-07-2018,52
01-08-2018,50
02-08-2018,48
03-08-2018,46
04-08-2018,45
05-08-2018,45
06-08-2018,44
07-08-2018,42
08-08-2018,41
09-08-2018,39
10-08-2018,38
11-08-2018,37
12-08-2018,35
13-08-2018,33
14-08-2018,31
15-08-2018,31
16-08-2018,28
17-08-2018,25
18-08-2018,22
19-08-2018,19
20-08-2018,16
21-08-2018,15
22-08-2018,15
23-08-2018,14
24-08-2018,14
25-08-2018,13
26-08-2018,13
27-08-2018,13
28-08-2018,13
29-08-2018,13
30-08-2018,13
31-08-2018,13
01-09-2018,13
02-09-2018,13
03-09-2018,13
04-09-2018,13
05-09-2018,13
06-09-2018,13
07-09-2018,13
08-09-2018,13
09-09-2018,13
10-09-2018,13
11-09-2018,13
12-09-2018,13
13-09-2018,13
14-09-2018,13
15-09-2018,13
16-09-2018,13
17-09-2018,13
18-09-2018,13
19-09-2018,13
20-09-2018,13
21-09-2018,13
22-09-2018,13
23-09-2018,13
24-09-2018,13
25-09-2018,13
26-09-2018,13
27-09-2018,13
28-09-2018,13
29-09-2018,19
30-09-2018,48
01-10-2018,93
02-10-2018,146
03-10-2018,198
04-10-2018,249
05-10-2018,317
06-10-2018,375
07-10-2018,405
08-10-2018,435
09-10-2018,467
10-10-2018,499
11-10-2018,530
12-10-2018,561
13-10-2018,582
14-10-2018,607
15-10-2018,637
16-10-2018,667
17-10-2018,689
18-10-2018,706
19-10-2018,720
20-10-2018,732
21-10-2018,742
22-10-2018,753
23-10-2018,766
24-10-2018,779
25-10-2018,791
26-10-2018,799
27-10-2018,805
28-10-2018,807
29-10-2018,782
30-10-2018,750
31-10-2018,715
01-11-2018,695
02-11-2018,682
03-11-2018,669
04-11-2018,656
05-11-2018,643
06-11-2018,630
07-11-2018,617
08-11-2018,604
09-11-2018,591
10-11-2018,578
11-11-2018,559
12-11-2018,540
13-11-2018,522
14-11-2018,503
15-11-2018,485
16-11-2018,468
17-11-2018,451
18-11-2018,433
19-11-2018,411
20-11-2018,379
21-11-2018,357
22-11-2018,363
23-11-2018,373
24-11-2018,384
25-11-2018,389
26-11-2018,391
27-11-2018,391
28-11-2018,389
29-11-2018,387
30-11-2018,384
01-12-2018,381
02-12-2018,379
03-12-2018,376
04-12-2018,375
05-12-2018,384
06-12-2018,386
07-12-2018,385
08-12-2018,385
09-12-2018,383
10-12-2018,380
11-12-2018,377
12-12-2018,374
13-12-2018,371
14-12-2018,368
15-12-2018,365
16-12-2018,361
17-12-2018,357
18-12-2018,353
19-12-2018,349
20-12-2018,345
21-12-2018,341
22-12-2018,337
23-12-2018,333
24-12-2018,329
25-12-2018,325
26-12-2018,322
27-12-2018,318
28-12-2018,314
29-12-2018,310
30-12-2018,306
31-12-2018,302
01-01-2019,298
02-01-2019,294
03-01-2019,291
04-01-2019,287
05-01-2019,283
06-01-2019,279
07-01-2019,275
08-01-2019,271
09-01-2019,268
10-01-2019,265
11-01-2019,262
12-01-2019,259
13-01-2019,256
14-01-2019,254
15-01-2019,252
16-01-2019,248
17-01-2019,244
18-01-2019,240
19-01-2019,236
20-01-2019,233
21-01-2019,229
22-01-2019,225
23-01-2019,221
24-01-2019,217
25-01-2019,213
26-01-2019,210
27-01-2019,206
28-01-2019,204
29-01-2019,200
30-01-2019,196
31-01-2019,193
01-02-2019,190
02-02-2019,186
03-02-2019,182
04-02-2019,178
05-02-2019,175
06-02-2019,172
07-02-2019,169
08-02-2019,166
09-02-2019,163
10-02-2019,160
11-02-2019,157
12-02-2019,157
13-02-2019,158
14-02-2019,164
15-02-2019,179
16-02-2019,209
17-02-2019,239
18-02-2019,269
19-02-2019,301
20-02-2019,334
21-02-2019,363
22-02-2019,388
23-02-2019,412
24-02-2019,430
25-02-2019,447
26-02-2019,459
27-02-2019,467
28-02-2019,474
01-03-2019,477
02-03-2019,478
03-03-2019,475
04-03-2019,472
05-03-2019,469
06-03-2019,466
07-03-2019,462
08-03-2019,458
09-03-2019,453
10-03-2019,448
11-03-2019,443
12-03-2019,439
13-03-2019,433
14-03-2019,429
15-03-2019,424
16-03-2019,420
17-03-2019,415
18-03-2019,411
19-03-2019,406
20-03-2019,406
21-03-2019,396
22-03-2019,391
23-03-2019,386
24-03-2019,380
25-03-2019,374
26-03-2019,386
27-03-2019,362
28-03-2019,356
29-03-2019,350
30-03-2019,344
31-03-2019,344
01-04-2019,333
02-04-2019,328
03-04-2019,324
04-04-2019,321
05-04-2019,317
06-04-2019,313
07-04-2019,308
08-04-2019,303
09-04-2019,298
10-04-2019,293
11-04-2019,288
12-04-2019,283
13-04-2019,278
14-04-2019,273
15-04-2019,268
16-04-2019,263
17-04-2019,258
18-04-2019,254
19-04-2019,250
20-04-2019,245
21-04-2019,241
22-04-2019,237
23-04-2019,232
24-04-2019,227
25-04-2019,222
26-04-2019,217
27-04-2019,212
28-04-2019,207
29-04-2019,202
30-04-2019,197
01-05-2019,193
02-05-2019,189
03-05-2019,185
04-05-2019,181
05-05-2019,177
06-05-2019,173
07-05-2019,169
08-05-2019,166
09-05-2019,162
10-05-2019,158
11-05-2019,153
12-05-2019,148
13-05-2019,143
14-05-2019,138
15-05-2019,133
16-05-2019,128
17-05-2019,123
18-05-2019,118
19-05-2019,114
20-05-2019,109
21-05-2019,104
22-05-2019,100
23-05-2019,95
24-05-2019,90
25-05-2019,85
26-05-2019,82
27-05-2019,79
28-05-2019,74
29-05-2019,69
30-05-2019,64
31-05-2019,59
01-06-2019,56
02-06-2019,53
03-06-2019,50
04-06-2019,48
05-06-2019,46
06-06-2019,44
07-06-2019,42
08-06-2019,40
09-06-2019,38
10-06-2019,36
11-06-2019,34
12-06-2019,32
13-06-2019,30
14-06-2019,28
15-06-2019,27
16-06-2019,26
17-06-2019,25
18-06-2019,24
19-06-2019,23
20-06-2019,22
21-06-2019,21
22-06-2019,20
23-06-2019,20
24-06-2019,19
25-06-2019,19
26-06-2019,19
27-06-2019,18
28-06-2019,18
29-06-2019,18
30-06-2019,18
01-07-2019,18
02-07-2019,17
03-07-2019,17
04-07-2019,17
05-07-2019,17
06-07-2019,17
07-07-2019,17
08-07-2019,17
09-07-2019,17
10-07-2019,16
11-07-2019,16
12-07-2019,16
13-07-2019,16
14-07-2019,16
15-07-2019,16
16-07-2019,16
17-07-2019,16
18-07-2019,16
19-07-2019,16
20-07-2019,16
21-07-2019,16
22-07-2019,16
23-07-2019,16
24-07-2019,16
25-07-2019,16
26-07-2019,16
27-07-2019,16
28-07-2019,16
29-07-2019,16
30-07-2019,16
31-07-2019,16
01-08-2019,16
02-08-2019,16
03-08-2019,16
04-08-2019,16
05-08-2019,16
06-08-2019,16
07-08-2019,16
08-08-2019,16
09-08-2019,16
10-08-2019,16
11-08-2019,16
12-08-2019,16
13-08-2019,16
14-08-2019,16
15-08-2019,16
16-08-2019,16
17-08-2019,16
18-08-2019,16
19-08-2019,16
20-08-2019,16
21-08-2019,16
22-08-2019,16
23-08-2019,16
24-08-2019,16
25-08-2019,16
26-08-2019,16
27-08-2019,16
28-08-2019,16
29-08-2019,16
30-08-2019,16
31-08-2019,16
01-09-2019,16
02-09-2019,16
03-09-2019,16
04-09-2019,16
05-09-2019,16
06-09-2019,16
07-09-2019,16
08-09-2019,16
09-09-2019,16
10-09-2019,15
11-09-2019,15
12-09-2019,15
13-09-2019,15
14-09-2019,15
15-09-2019,15
16-09-2019,15
17-09-2019,15
18-09-2019,15
19-09-2019,15
20-09-2019,208
21-09-2019,278
22-09-2019,307
23-09-2019,322
24-09-2019,327
25-09-2019,366
26-09-2019,433
27-09-2019,478
28-09-2019,491
29-09-2019,503
30-09-2019,553
01-10-2019,597
02-10-2019,649
03-10-2019,695
04-10-2019,742
05-10-2019,783
06-10-2019,824
07-10-2019,860
08-10-2019,896
09-10-2019,938
10-10-2019,967
11-10-2019,1011
12-10-2019,1026
13-10-2019,1041
14-10-2019,1033
15-10-2019,1041
16-10-2019,1111
17-10-2019,1143
18-10-2019,1177
19-10-2019,1194
20-10-2019,1220
21-10-2019,1237
22-10-2019,1273
23-10-2019,1310
24-10-2019,1367
25-10-2019,1406
26-10-2019,1436
27-10-2019,1467
28-10-2019,1487
29-10-2019,1500
30-10-2019,1582
31-10-2019,1648
01-11-2019,1682
02-11-2019,1694
03-11-2019,1694
04-11-2019,1671
05-11-2019,1648
06-11-2019,1617
07-11-2019,1582
08-11-2019,1550
09-11-2019,1518
10-11-2019,1489
11-11-2019,1465
12-11-2019,1446
13-11-2019,1416
14-11-2019,1386
15-11-2019,1358
16-11-2019,1320
17-11-2019,1292
18-11-2019,1255
19-11-2019,1225
20-11-2019,1190
21-11-2019,1160
22-11-2019,1127
23-11-2019,1095
24-11-2019,1056
25-11-2019,1011
26-11-2019,989
27-11-2019,967
28-11-2019,945
29-11-2019,938
30-11-2019,938
01-12-2019,989
02-12-2019,1229
03-12-2019,1426
04-12-2019,1518
05-12-2019,1550
06-12-2019,1572
07-12-2019,1565
08-12-2019,1572
09-12-2019,1582
10-12-2019,1593
11-12-2019,1593
12-12-2019,1593
13-12-2019,1586
14-12-2019,1582
15-12-2019,1572
16-12-2019,1560
17-12-2019,1556
18-12-2019,1530
19-12-2019,1535
20-12-2019,1529
21-12-2019,1522
22-12-2019,1514
23-12-2019,1497
24-12-2019,1476
25-12-2019,1456
26-12-2019,1456
27-12-2019,1450
28-12-2019,1438
29-12-2019,1436
30-12-2019,1434
31-12-2019,1430
01-01-2020,1426
02-01-2020,1430
03-01-2020,1430
04-01-2020,1432
05-01-2020,1444
06-01-2020,1460
07-01-2020,1481
08-01-2020,1497
09-01-2020,1503
10-01-2020,1510
11-01-2020,1516
12-01-2020,1518
13-01-2020,1518
14-01-2020,1520
15-01-2020,1522
16-01-2020,1524
17-01-2020,1523
18-01-2020,1520
19-01-2020,1511
20-01-2020,1507
21-01-2020,1505
22-01-2020,1503
23-01-2020,1497
24-01-2020,1489
25-01-2020,1478
26-01-2020,1468
27-01-2020,1487
28-01-2020,1507
29-01-2020,1526
30-01-2020,1546
31-01-2020,1563
01-02-2020,1584
02-02-2020,1608
03-02-2020,1632
04-02-2020,1657
05-02-2020,1682
06-02-2020,1707
07-02-2020,1730
08-02-2020,1774
09-02-2020,1816
10-02-2020,1826
11-02-2020,1829
12-02-2020,1832
13-02-2020,1836
14-02-2020,1841
15-02-2020,1832
16-02-2020,1819
17-02-2020,1798
18-02-2020,1781
19-02-2020,1767
20-02-2020,1751
21-02-2020,1732
22-02-2020,1712
23-02-2020,1691
24-02-2020,1673
25-02-2020,1657
26-02-2020,1637
27-02-2020,1616
28-02-2020,1593
29-02-2020,1571
01-03-2020,1548
02-03-2020,1526
03-03-2020,1503
04-03-2020,1473
05-03-2020,1444
06-03-2020,1415
07-03-2020,1400
08-03-2020,1390
09-03-2020,1390
10-03-2020,1392
11-03-2020,1405
12-03-2020,1424
13-03-2020,1444
14-03-2020,1467
15-03-2020,1490
16-03-2020,1512
17-03-2020,1520
18-03-2020,1524
19-03-2020,1526
20-03-2020,1526
21-03-2020,1509
22-03-2020,1495
23-03-2020,1478
24-03-2020,1470
25-03-2020,1493
26-03-2020,1493
27-03-2020,1485
28-03-2020,1482
29-03-2020,1476
30-03-2020,1472
31-03-2020,1460
01-04-2020,1438
02-04-2020,1420
03-04-2020,1392
04-04-2020,1370
05-04-2020,1350
06-04-2020,1329
07-04-2020,1306
08-04-2020,1283
09-04-2020,1260
10-04-2020,1260
11-04-2020,1240
12-04-2020,1218
13-04-2020,1194
14-04-2020,1168
15-04-2020,1143
16-04-2020,1117
17-04-2020,1091
18-04-2020,1065
19-04-2020,1040
20-04-2020,1014
21-04-2020,989
22-04-2020,963
23-04-2020,949
24-04-2020,935
25-04-2020,921
26-04-2020,908
27-04-2020,910
28-04-2020,890
29-04-2020,876
30-04-2020,862
01-05-2020,849
02-05-2020,835
03-05-2020,822
04-05-2020,809
05-05-2020,795
06-05-2020,782
07-05-2020,768
08-05-2020,754
09-05-2020,741
10-05-2020,727
11-05-2020,713
12-05-2020,699
13-05-2020,692
14-05-2020,678
15-05-2020,664
16-05-2020,650
17-05-2020,636
18-05-2020,609
19-05-2020,587
20-05-2020,563
21-05-2020,540
22-05-2020,520
23-05-2020,501
24-05-2020,483
25-05-2020,465
26-05-2020,447
27-05-2020,430
28-05-2020,413
29-05-2020,396
30-05-2020,396
31-05-2020,392
01-06-2020,377
02-06-2020,367
03-06-2020,365
04-06-2020,365
05-06-2020,371
06-06-2020,373
07-06-2020,77
08-06-2020,380
09-06-2020,380
10-06-2020,379
11-06-2020,375
12-06-2020,370
13-06-2020,360
14-06-2020,354
15-06-2020,347
16-06-2020,342
17-06-2020,338
18-06-2020,334
19-06-2020,330
20-06-2020,325
21-06-2020,310
22-06-2020,303
23-06-2020,297
24-06-2020,290
25-06-2020,285
26-06-2020,281
27-06-2020,271
28-06-2020,256
29-06-2020,244
30-06-2020,232
01-07-2020,222
02-07-2020,212
03-07-2020,205
04-07-2020,199
05-07-2020,190
06-07-2020,178
07-07-2020,165
08-07-2020,159
09-07-2020,152
10-07-2020,155
11-07-2020,148
12-07-2020,144
13-07-2020,140
14-07-2020,133
15-07-2020,129
16-07-2020,124
17-07-2020,120
18-07-2020,116
19-07-2020,115
20-07-2020,114
21-07-2020,113
22-07-2020,112
23-07-2020,110
24-07-2020,108
25-07-2020,105
26-07-2020,99
27-07-2020,96
28-07-2020,94
29-07-2020,91
30-07-2020,88
31-07-2020,85
01-08-2020,85
02-08-2020,85
03-08-2020,96
04-08-2020,109
05-08-2020,120
06-08-2020,128
07-08-2020,130
08-08-2020,130
09-08-2020,130
10-08-2020,128
11-08-2020,127
12-08-2020,130
13-08-2020,130
14-08-2020,128
15-08-2020,127
16-08-2020,125
17-08-2020,123
18-08-2020,122
19-08-2020,120
20-08-2020,118
21-08-2020,116
22-08-2020,115
23-08-2020,114
24-08-2020,112
25-08-2020,110
26-08-2020,108
27-08-2020,106
28-08-2020,104
29-08-2020,102
30-08-2020,100
31-08-2020,98
01-09-2020,95
02-09-2020,92
03-09-2020,89
04-09-2020,86
05-09-2020,83
06-09-2020,80
07-09-2020,77
08-09-2020,75
09-09-2020,73
10-09-2020,73
11-09-2020,71
12-09-2020,69
13-09-2020,67
14-09-2020,67
15-09-2020,65
16-09-2020,63
17-09-2020,61
18-09-2020,59
19-09-2020,69
20-09-2020,87
21-09-2020,109
22-09-2020,156
23-09-2020,216
24-09-2020,277
25-09-2020,341
26-09-2020,405
27-09-2020,462
28-09-2020,520
29-09-2020,582
30-09-2020,647
01-10-2020,712
02-10-2020,774
03-10-2020,837
04-10-2020,894
05-10-2020,945
06-10-2020,989
07-10-2020,1033
08-10-2020,1087
09-10-2020,1135
10-10-2020,1177
11-10-2020,1211
12-10-2020,1246
13-10-2020,1277
14-10-2020,1295
15-10-2020,1295
16-10-2020,1295
17-10-2020,1297
18-10-2020,1299
19-10-2020,1297
20-10-2020,1295
21-10-2020,1295
22-10-2020,1299
23-10-2020,1310
24-10-2020,1327
25-10-2020,1477
26-10-2020,1518
27-10-2020,1529
28-10-2020,1523
29-10-2020,1529
30-10-2020,1540
31-10-2020,1550
01-11-2020,1540
02-11-2020,1530
03-11-2020,1530
04-11-2020,1530
05-11-2020,1508
06-11-2020,1487
07-11-2020,1477
08-11-2020,1467
09-11-2020,1454
10-11-2020,1440
11-11-2020,1424
12-11-2020,1400
13-11-2020,1381
14-11-2020,1363
15-11-2020,1358
16-11-2020,1416
17-11-2020,1446
18-11-2020,1518
19-11-2020,1582
20-11-2020,1628
21-11-2020,1675
22-11-2020,1719
23-11-2020,1751
24-11-2020,1786
25-11-2020,1841
26-11-2020,2006
27-11-2020,2214
28-11-2020,2742
29-11-2020,2814
30-11-2020,2848
01-12-2020,2902
02-12-2020,2873
03-12-2020,2867
